stroke_id,point_id,x,y
1,1,453,483
1,2,548,484
1,3,546,598
1,4,452,596
1,5,452,484
2,1,624,413
2,2,639,413
2,3,652,419
2,4,663,431
2,5,668,445
2,6,667,459
2,7,661,472
2,8,649,483
2,9,634,488
2,10,608,481
2,11,597,469
2,12,592,454
2,13,599,428
2,14,611,417
2,15,623,413
3,1,623,408
3,2,611,412
3,3,597,423
3,4,589,438
3,5,588,457
3,6,593,471
3,7,603,483
3,8,618,491
3,9,637,492
3,10,651,487
3,11,665,474
3,12,671,462
3,13,672,443
3,14,665,426
3,15,654,415
3,16,642,409
3,17,624,408
4,1,303,353
4,2,696,352
4,3,698,596
4,4,554,598
4,5,552,480
4,6,450,478
4,7,446,598
4,8,304,598
4,9,302,354
5,1,498,154
5,2,501,153
5,3,712,346
5,4,288,346
5,5,497,155
6,1,500,148
6,2,279,349
6,3,280,352
6,4,298,354
6,5,300,602
6,6,702,600
6,7,702,354
6,8,720,352
6,9,721,349
6,10,501,149
7,1,159,144
7,2,163,146
7,3,162,152
7,4,156,147
7,5,158,144
8,1,139,144
8,2,144,147
8,3,138,152
8,4,138,145
9,1,162,123
9,2,179,124
9,3,166,133
9,4,161,124
10,1,146,123
10,2,153,122
10,3,159,134
10,4,151,143
10,5,141,137
10,6,145,124
11,1,122,123
11,2,137,122
11,3,139,126
11,4,134,133
11,5,121,124
12,1,149,112
12,2,152,113
12,3,151,118
12,4,148,113
13,1,150,98
13,2,140,118
13,3,108,120
13,4,134,140
13,5,128,157
13,6,130,162
13,7,149,150
13,8,170,162
13,9,172,157
13,10,166,140
13,11,192,120
13,12,160,118
13,13,151,99
